{"cameraMode":{"drawMode":0,"name":"Shaded","section":"Shading Mode"},"sceneLighting":true,"audioPlay":false,"sceneViewState":{"showFog":true,"showMaterialUpdate":false,"showSkybox":true,"showFlares":true,"showImageEffects":true,"showParticleSystems":true},"in2DMode":false,"pivot":{"x":-0.44007134437561037,"y":0.5473427772521973,"z":-3.107187271118164},"rotation":{"x":-0.2363739311695099,"y":0.6997376680374146,"z":-0.2672326862812042,"w":-0.6189354658126831},"size":1.4359395503997803,"orthographic":false}